<?xml version="1.0" encoding="UTF-8"?>
<metadata xml:lang="pt"><Esri><CreaDate>20221018</CreaDate><CreaTime>17291000</CreaTime><ArcGISFormat>1.0</ArcGISFormat><SyncOnce>TRUE</SyncOnce><DataProperties><lineage><Process ToolSource="c:\program files (x86)\arcgis\desktop10.1\ArcToolbox\Toolboxes\Data Management Tools.tbx\CalculateField" Date="20221018" Time="172910">CalculateField "Malha Censitária do Município de São Paulo 2010" NUMIPVS [v10] VB #</Process></lineage></DataProperties></Esri></metadata>
